"STATION","NAME","DATE","AWND","PGTM","PRCP","SNOW","SNWD","TAVG","TMAX","TMIN","WDF2","WDF5","WSF2","WSF5","WT01","WT03","WT07","WT08"
"USW00023183","PHOENIX AIRPORT, AZ US","2025-01-01","3.58"," 1042","0.00","0.0","0.0","58","72","45","  100","  110","8.9","13.0",,,,"    1"
"USW00023183","PHOENIX AIRPORT, AZ US","2025-01-02","3.80"," 1910","0.00","0.0","0.0","60","77","47","   80","  350","8.1","13.0",,,,
"USW00023183","PHOENIX AIRPORT, AZ US","2025-01-03","4.92"," 1306","0.00","0.0","0.0","63","81","50","   90","  120","8.9","12.1",,,,
"USW00023183","PHOENIX AIRPORT, AZ US","2025-01-04","5.82"," 1526","0.00","0.0","0.0","60","73","47","  270","  280","15.0","19.9",,,,
"USW00023183","PHOENIX AIRPORT, AZ US","2025-01-05","2.91"," 1425","0.00","0.0","0.0","57","71","45","   80","  220","6.9","13.0",,,,
"USW00023183","PHOENIX AIRPORT, AZ US","2025-01-06","3.58"," 0858","0.00","0.0","0.0","56","72","45","   90","  130","12.1","16.1",,,,
"USW00023183","PHOENIX AIRPORT, AZ US","2025-01-07","10.29"," 2314","0.00","0.0","0.0","57","69","47","   60","   70","28.0","36.9",,,,"    1"
"USW00023183","PHOENIX AIRPORT, AZ US","2025-01-08","15.43"," 0430","0.00","0.0","0.0","62","68","51","   70","   80","28.0","48.1",,,,
"USW00023183","PHOENIX AIRPORT, AZ US","2025-01-09","6.93"," 1535","0.00","0.0","0.0","53","65","43","   40","   20","25.1","38.0",,,,
"USW00023183","PHOENIX AIRPORT, AZ US","2025-01-10","3.58"," 1201","0.00","0.0","0.0","54","65","41","   60","   60","15.0","23.0",,,,"    1"
"USW00023183","PHOENIX AIRPORT, AZ US","2025-01-11","4.70"," 1529","0.00","0.0","0.0","52","64","40","  290","  290","13.0","17.0",,,,
"USW00023183","PHOENIX AIRPORT, AZ US","2025-01-12","3.13"," 2149","0.00","0.0","0.0","51","65","37","  270","  360","10.1","16.1",,,,
"USW00023183","PHOENIX AIRPORT, AZ US","2025-01-13","4.70"," 1739","0.00","0.0","0.0","50","62","37","  290","  320","10.1","16.1",,,,
"USW00023183","PHOENIX AIRPORT, AZ US","2025-01-14","3.80"," 1513","0.00","0.0","0.0","51","66","37","   60","  330","10.1","17.0",,,,"    1"
"USW00023183","PHOENIX AIRPORT, AZ US","2025-01-15","8.28"," 1153","0.00","0.0","0.0","55","72","40","   70","   40","21.9","28.0",,,,"    1"
"USW00023183","PHOENIX AIRPORT, AZ US","2025-01-16","8.95"," 0619","0.00","0.0","0.0","65","76","53","   70","   70","16.1","21.0",,,,"    1"
"USW00023183","PHOENIX AIRPORT, AZ US","2025-01-17","3.58"," 1758","0.00","0.0","0.0","60","68","49","  300","  300","10.1","21.0",,,,
"USW00023183","PHOENIX AIRPORT, AZ US","2025-01-18","4.47"," 1558","0.00","0.0","0.0","54","67","42","  270","  240","10.1","14.1",,,,
"USW00023183","PHOENIX AIRPORT, AZ US","2025-01-19","3.80"," 1821","0.00","0.0","0.0","54","67","42","  280","  270","8.1","13.0",,,,
"USW00023183","PHOENIX AIRPORT, AZ US","2025-01-20","8.95"," 2344","0.00","0.0","0.0","53","67","39","   50","   70","30.0","47.0",,,,"    1"
"USW00023183","PHOENIX AIRPORT, AZ US","2025-01-21","8.50"," 0118","0.00","0.0","0.0","52","61","41","   50","   60","32.0","40.9",,,,
"USW00023183","PHOENIX AIRPORT, AZ US","2025-01-22","2.68"," 1633","0.00","0.0","0.0","49","63","38","   60","  300","8.1","14.1",,,,
"USW00023183","PHOENIX AIRPORT, AZ US","2025-01-23","7.16"," 1113","0.00","0.0","0.0","52","65","37","   70","   80","23.0","31.1",,,,
"USW00023183","PHOENIX AIRPORT, AZ US","2025-01-24","8.72"," 1045","0.00","0.0","0.0","56","69","43","   70","   70","21.9","27.1",,,,
"USW00023183","PHOENIX AIRPORT, AZ US","2025-01-25","4.92"," 1530","0.00","0.0","0.0","56","70","47","   80","  340","12.1","19.9",,,,
"USW00023183","PHOENIX AIRPORT, AZ US","2025-01-26","6.71"," 1717","0.00","0.0",,"56","71","43","   90","  330","14.1","19.9",,,,
"USW00023183","PHOENIX AIRPORT, AZ US","2025-01-27","7.83"," 1939","0.00","0.0","0.0","55","62","46","  330","  330","18.1","32.0",,,,
"USW00023183","PHOENIX AIRPORT, AZ US","2025-01-28","6.49"," 1610","0.00","0.0","0.0","53","62","44","  280","  280","16.1","23.0",,,,
"USW00023183","PHOENIX AIRPORT, AZ US","2025-01-29","3.58"," 1633","0.01","0.0","0.0","51","59","45","  140","  320","13.0","19.0",,,,
"USW00023183","PHOENIX AIRPORT, AZ US","2025-01-30","6.04"," 1739","0.00","0.0","0.0","51","63","42","  260","  270","13.0","21.0",,,,
"USW00023183","PHOENIX AIRPORT, AZ US","2025-01-31","3.58"," 1843","0.00","0.0","0.0","54","69","42","  310","  330","12.1","21.9",,,,
"USW00023183","PHOENIX AIRPORT, AZ US","2025-02-01","4.70",,"0.00","0.0","0.0","58","74","47","  120","  340","10.1","21.9",,,,
"USW00023183","PHOENIX AIRPORT, AZ US","2025-02-02","4.47",,"0.00","0.0","0.0","64","82","51","  110","  110","10.1","13.0",,,,
"USW00023183","PHOENIX AIRPORT, AZ US","2025-02-03","3.58",,"0.00","0.0","0.0","68","86","53","   90","   90","12.1","14.1",,,,
"USW00023183","PHOENIX AIRPORT, AZ US","2025-02-04","6.04",,"0.00","0.0","0.0","70","86","56","  120","  110","13.0","17.0",,,,
"USW00023183","PHOENIX AIRPORT, AZ US","2025-02-05","4.92",,"0.00","0.0","0.0","68","81","54","   90","  340","14.1","15.0",,,,
"USW00023183","PHOENIX AIRPORT, AZ US","2025-02-06","4.25",,"0.00","0.0","0.0","66","80","53","  320","  330","8.9","17.0",,,,
"USW00023183","PHOENIX AIRPORT, AZ US","2025-02-07","5.14",,"0.00","0.0","0.0","66","79","53","  300","  310","12.1","19.9",,,,
"USW00023183","PHOENIX AIRPORT, AZ US","2025-02-08","4.92",,"0.00","0.0","0.0","67","79","55","  300","  300","10.1","19.0",,,,
"USW00023183","PHOENIX AIRPORT, AZ US","2025-02-09","3.58",,"0.00","0.0","0.0","66","77","55","  260","  330","8.9","15.0",,,,
"USW00023183","PHOENIX AIRPORT, AZ US","2025-02-10","4.47",,"0.00","0.0","0.0","66","79","54","  270","  320","13.0","21.0",,,,
"USW00023183","PHOENIX AIRPORT, AZ US","2025-02-11","10.07",,"0.00","0.0","0.0","63","71","52","  270","  270","21.9","28.0",,,,
"USW00023183","PHOENIX AIRPORT, AZ US","2025-02-12","4.70",,"0.00","0.0","0.0","58","63","53","  320","  360","13.0","23.9",,,,
"USW00023183","PHOENIX AIRPORT, AZ US","2025-02-13","6.04",,"0.00","0.0","0.0","58","72","49","   90","   90","18.1","23.0",,,,
"USW00023183","PHOENIX AIRPORT, AZ US","2025-02-14","8.50",,"0.02","0.0","0.0","63","72","57","  280","  280","23.9","33.1",,,,
"USW00023183","PHOENIX AIRPORT, AZ US","2025-02-15","4.92",,"0.00","0.0","0.0","61","72","49","  270","  310","15.0","21.9",,,,
"USW00023183","PHOENIX AIRPORT, AZ US","2025-02-16","4.92",,"0.00","0.0","0.0","63","75","50","   70","   30","15.0","19.9",,,,
"USW00023183","PHOENIX AIRPORT, AZ US","2025-02-17","4.92",,"0.00","0.0","0.0","64","77","52","  290","  310","10.1","15.0",,,,
"USW00023183","PHOENIX AIRPORT, AZ US","2025-02-18","5.82",,"0.00","0.0","0.0","64","78","51","   80","  310","12.1","17.0",,,,
"USW00023183","PHOENIX AIRPORT, AZ US","2025-02-19","4.70",,"0.00","0.0","0.0","65","79","52","  310","  320","10.1","19.0",,,,
"USW00023183","PHOENIX AIRPORT, AZ US","2025-02-20","5.14",,"0.00","0.0","0.0","66","79","51","  280","  300","15.0","21.9",,,,
"USW00023183","PHOENIX AIRPORT, AZ US","2025-02-21","4.92",,"0.00","0.0","0.0","66","78","51","  260","  280","12.1","19.0",,,,
"USW00023183","PHOENIX AIRPORT, AZ US","2025-02-22","3.58",,"0.00","0.0","0.0","65","80","51","  270","  320","13.0","19.0",,,,
"USW00023183","PHOENIX AIRPORT, AZ US","2025-02-23","4.47",,"0.00","0.0","0.0","67","82","52","  300","  310","10.1","19.9",,,,
"USW00023183","PHOENIX AIRPORT, AZ US","2025-02-24","4.92",,"0.00","0.0","0.0","68","86","53","  280","  290","14.1","18.1",,,,
"USW00023183","PHOENIX AIRPORT, AZ US","2025-02-25","5.82",,"0.00","0.0","0.0","72","90","57","  280","  310","14.1","21.9",,,,
"USW00023183","PHOENIX AIRPORT, AZ US","2025-02-26","6.49",,"0.00","0.0","0.0","74","89","59","  290","  320","15.0","19.9",,,,
"USW00023183","PHOENIX AIRPORT, AZ US","2025-02-27","8.05",,"0.00","0.0",,"74","84","57","   60","   50","19.9","25.9",,,,"    1"
"USW00023183","PHOENIX AIRPORT, AZ US","2025-02-28","6.26",,"0.00","0.0",,"70","82","55","  210","  160","14.1","18.1",,,,
"USW00023183","PHOENIX AIRPORT, AZ US","2025-03-01","10.96",,"0.00","0.0","0.0","70","85","58","  220","  210","35.1","45.0",,,,"    1"
"USW00023183","PHOENIX AIRPORT, AZ US","2025-03-02","8.50",,"0.00","0.0","0.0","66","80","55","  260","  260","23.0","29.1",,,,
"USW00023183","PHOENIX AIRPORT, AZ US","2025-03-03","11.18",,"0.00","0.0","0.0","63","67","52","  280","  280","30.0","35.1",,,,
"USW00023183","PHOENIX AIRPORT, AZ US","2025-03-04","4.70",,"0.00","0.0","0.0","59","73","49","  300","  350","13.0","21.0",,,,
"USW00023183","PHOENIX AIRPORT, AZ US","2025-03-05","4.92",,"0.00","0.0","0.0","63","76","51","  130","  350","12.1","17.0",,,,
"USW00023183","PHOENIX AIRPORT, AZ US","2025-03-06","12.53",,"0.00","0.0","0.0","68","72","62","  260","  240","29.1","46.1",,,,
"USW00023183","PHOENIX AIRPORT, AZ US","2025-03-07","10.51",,"0.39","0.0","0.0","56","62","47","  270","  230","25.1","33.1",,,,
"USW00023183","PHOENIX AIRPORT, AZ US","2025-03-08","4.47",,"0.00","0.0","0.0","54","68","47","  230","  230","12.1","16.1",,,,
"USW00023183","PHOENIX AIRPORT, AZ US","2025-03-09","4.03",,"0.00","0.0","0.0","62","78","50","   60","   70","16.1","19.9",,,,
"USW00023183","PHOENIX AIRPORT, AZ US","2025-03-10","4.47",,"0.00","0.0","0.0","68","86","53","  300","  280","12.1","21.9",,,,
"USW00023183","PHOENIX AIRPORT, AZ US","2025-03-11","9.84",,"0.12","0.0","0.0","70","81","56","  210","  230","23.9","36.0",,"    1",,
"USW00023183","PHOENIX AIRPORT, AZ US","2025-03-12","6.71",,"0.07","0.0","0.0","65","75","57","  270","  270","21.9","32.0",,,,
"USW00023183","PHOENIX AIRPORT, AZ US","2025-03-13","14.32",,"0.16","0.0","0.0","65","75","51","  280","  270","40.9","53.9","    1","    1",,"    1"
"USW00023183","PHOENIX AIRPORT, AZ US","2025-03-14","6.93",,"0.01","0.0","0.0","52","58","46","  280","  270","18.1","30.0",,,,
"USW00023183","PHOENIX AIRPORT, AZ US","2025-03-15","6.71",,"0.09","0.0","0.0","53","68","47","  260","  270","18.1","25.9","    1","    1",,
"USW00023183","PHOENIX AIRPORT, AZ US","2025-03-16","5.14",,"0.00","0.0","0.0","61","75","50","   90","   90","14.1","18.1",,,,
"USW00023183","PHOENIX AIRPORT, AZ US","2025-03-17","5.37",,"0.00","0.0","0.0","69","82","56","  250","  250","15.0","23.0",,,,
"USW00023183","PHOENIX AIRPORT, AZ US","2025-03-18","14.54",,"0.00","0.0","0.0","68","73","57","  290","  310","25.1","36.0",,,,
"USW00023183","PHOENIX AIRPORT, AZ US","2025-03-19","6.26",,"0.00","0.0","0.0","63","73","53","   60","   10","17.0","25.9",,,,
"USW00023183","PHOENIX AIRPORT, AZ US","2025-03-20","5.82",,"0.00","0.0","0.0","66","81","51","   80","  340","16.1","21.9",,,,
"USW00023183","PHOENIX AIRPORT, AZ US","2025-03-21","4.92",,"0.00","0.0","0.0","70","84","55","  280","  290","12.1","18.1",,,,
"USW00023183","PHOENIX AIRPORT, AZ US","2025-03-22","6.49",,"0.00","0.0","0.0","72","86","57","  290","  290","15.0","21.9",,,,
"USW00023183","PHOENIX AIRPORT, AZ US","2025-03-23","5.14",,"0.00","0.0","0.0","74","89","61","  310","  320","12.1","21.0",,,,
"USW00023183","PHOENIX AIRPORT, AZ US","2025-03-24","4.03",,"0.00","0.0","0.0","79","96","65","  300","  340","12.1","18.1",,,,
"USW00023183","PHOENIX AIRPORT, AZ US","2025-03-25","3.13",,"0.00","0.0","0.0","83","99","66","  110","  120","13.0","17.0",,,,
"USW00023183","PHOENIX AIRPORT, AZ US","2025-03-26","5.37",,"0.00","0.0","0.0","82","96","70","  290","  340","14.1","27.1",,,,
"USW00023183","PHOENIX AIRPORT, AZ US","2025-03-27","6.71",,"0.00","0.0","0.0","80","93","65","  270","  270","17.0","25.1",,,,
"USW00023183","PHOENIX AIRPORT, AZ US","2025-03-28","8.50",,"0.00","0.0","0.0","78","84","65","  280","  290","21.9","29.1",,,,
"USW00023183","PHOENIX AIRPORT, AZ US","2025-03-29","6.93",,"0.00","0.0","0.0","73","82","63","  280","  230","19.9","27.1",,,,
"USW00023183","PHOENIX AIRPORT, AZ US","2025-03-30","7.16",,"0.00","0.0","0.0","72","84","60","  270","  260","18.1","27.1",,,,
"USW00023183","PHOENIX AIRPORT, AZ US","2025-03-31","7.16",,"0.00","0.0","0.0","73","82","63","  240","  230","18.1","25.1",,,,
"USW00023183","PHOENIX AIRPORT, AZ US","2025-04-01","14.76",,"0.00","0.0","0.0","72","75","63","  300","  280","30.0","38.0",,,,
"USW00023183","PHOENIX AIRPORT, AZ US","2025-04-02","9.62",,"0.00","0.0","0.0","63","68","56","  270","  270","30.0","46.1",,,,
"USW00023183","PHOENIX AIRPORT, AZ US","2025-04-03","7.16",,"0.00","0.0","0.0","60","70","52","  180","  350","21.0","30.0",,,,
"USW00023183","PHOENIX AIRPORT, AZ US","2025-04-04","7.61",,"0.00","0.0","0.0","62","72","54","   40","   10","21.0","31.1",,,,
"USW00023183","PHOENIX AIRPORT, AZ US","2025-04-05","6.93",,"0.00","0.0","0.0","65","79","54","   90","   80","25.1","36.0",,,,"    1"
"USW00023183","PHOENIX AIRPORT, AZ US","2025-04-06","5.59",,"0.00","0.0","0.0","69","81","58","  260","  260","14.1","23.9",,,,
"USW00023183","PHOENIX AIRPORT, AZ US","2025-04-07","5.82",,"0.00","0.0","0.0","72","88","58","  280","  330","12.1","25.9",,,,
"USW00023183","PHOENIX AIRPORT, AZ US","2025-04-08","5.59",,"0.00","0.0","0.0","76","94","63","  270","  340","13.0","21.0",,,,
"USW00023183","PHOENIX AIRPORT, AZ US","2025-04-09","5.59",,"0.00","0.0","0.0","81","98","64","  300","  300","14.1","28.0",,,,
"USW00023183","PHOENIX AIRPORT, AZ US","2025-04-10","5.37",,"0.00","0.0","0.0","84","100","68","  270","  300","12.1","18.1",,,,
"USW00023183","PHOENIX AIRPORT, AZ US","2025-04-11","4.92",,"0.00","0.0","0.0","85","103","69","  290","  330","14.1","25.1",,,,
"USW00023183","PHOENIX AIRPORT, AZ US","2025-04-12","7.16",,"0.00","0.0","0.0","85","99","68","  300","  310","15.0","21.9",,,,
"USW00023183","PHOENIX AIRPORT, AZ US","2025-04-13","5.82",,"0.00","0.0","0.0","83","94","69","  280","  280","17.0","21.0",,,,
"USW00023183","PHOENIX AIRPORT, AZ US","2025-04-14","6.26",,"0.00","0.0","0.0","82","93","69","  220","   10","13.0","23.0",,,,
"USW00023183","PHOENIX AIRPORT, AZ US","2025-04-15","7.61",,"0.00","0.0","0.0","82","94","67","  300","  340","19.9","27.1",,,,
"USW00023183","PHOENIX AIRPORT, AZ US","2025-04-16","7.83",,"0.00","0.0","0.0","81","95","66","  280","  290","21.9","27.1",,,,
"USW00023183","PHOENIX AIRPORT, AZ US","2025-04-17","8.50",,"0.00","0.0","0.0","74","82","64","  280","  290","19.9","28.0",,,,
"USW00023183","PHOENIX AIRPORT, AZ US","2025-04-18","11.63",,"0.15","0.0","0.0","71","79","53","  360","  360","32.0","53.0","    1",,,
"USW00023183","PHOENIX AIRPORT, AZ US","2025-04-19","4.70",,"0.00","0.0","0.0","61","75","54","  310","  330","14.1","31.1",,,,
"USW00023183","PHOENIX AIRPORT, AZ US","2025-04-20","4.92",,"0.00","0.0","0.0","70","84","58","   90","  320","12.1","21.0",,,,
"USW00023183","PHOENIX AIRPORT, AZ US","2025-04-21","4.70",,"0.00","0.0","0.0","77","91","63","  320","  360","13.0","27.1",,,,
"USW00023183","PHOENIX AIRPORT, AZ US","2025-04-22","5.82",,"0.00","0.0","0.0","80","95","64","  230","  350","15.0","23.0",,,,
"USW00023183","PHOENIX AIRPORT, AZ US","2025-04-23","7.16",,"0.00","0.0","0.0","80","91","66","  280","  240","15.0","23.0",,,,
"USW00023183","PHOENIX AIRPORT, AZ US","2025-04-24","5.14",,"0.00","0.0","0.0","79","92","65","  160","  340","14.1","21.0",,,,
"USW00023183","PHOENIX AIRPORT, AZ US","2025-04-25","8.28",,"0.00","0.0","0.0","81","94","66","  230","  240","21.9","29.1",,,,
"USW00023183","PHOENIX AIRPORT, AZ US","2025-04-26","10.51",,"0.00","0.0","0.0","78","86","65","  280","  300","23.9","35.1",,,,
"USW00023183","PHOENIX AIRPORT, AZ US","2025-04-27","10.29",,"0.00","0.0","0.0","71","80","62","  290","  270","23.0","29.1",,,,
"USW00023183","PHOENIX AIRPORT, AZ US","2025-04-28","5.37",,"0.00","0.0","0.0","70","82","59","  300","  330","15.0","25.9",,,,
"USW00023183","PHOENIX AIRPORT, AZ US","2025-04-29","6.93",,"0.00","0.0","0.0","74","88","63","  290","   20","25.1","36.0",,,,
"USW00023183","PHOENIX AIRPORT, AZ US","2025-04-30","6.71",,"0.00","0.0","0.0","77","91","64","  280","  340","16.1","25.9",,,,
"USW00023183","PHOENIX AIRPORT, AZ US","2025-05-01","5.59",,"0.00","0.0","0.0","81","94","68","  190","  210","18.1","23.9",,,,
"USW00023183","PHOENIX AIRPORT, AZ US","2025-05-02","6.26",,"0.00","0.0","0.0","83","94","71","  290","  310","16.1","21.9",,,,
"USW00023183","PHOENIX AIRPORT, AZ US","2025-05-03","8.72",,"0.00","0.0","0.0","84","97","70","  230","  330","21.0","30.0",,,,
"USW00023183","PHOENIX AIRPORT, AZ US","2025-05-04","10.07",,"0.00","0.0","0.0","79","83","65","  230","  230","25.1","38.0",,"    1",,
"USW00023183","PHOENIX AIRPORT, AZ US","2025-05-05","8.72",,"0.00","0.0","0.0","66","74","59","  280","  310","18.1","29.1",,,,
"USW00023183","PHOENIX AIRPORT, AZ US","2025-05-06","6.26",,"0.00","0.0","0.0","67","77","62","  280","  280","16.1","19.0",,,,
"USW00023183","PHOENIX AIRPORT, AZ US","2025-05-07","6.71",,"0.00","0.0","0.0","73","86","65","  200","  210","19.9","25.9",,"    1",,
"USW00023183","PHOENIX AIRPORT, AZ US","2025-05-08","3.36",,"0.00","0.0","0.0","79","95","66","  290","  340","13.0","23.0",,,,
"USW00023183","PHOENIX AIRPORT, AZ US","2025-05-09","5.14",,"0.00","0.0","0.0","89","104","73","   70","  130","18.1","23.0",,,,
"USW00023183","PHOENIX AIRPORT, AZ US","2025-05-10","11.41",,"0.00","0.0","0.0","92","103","78","  100","  130","23.0","34.0",,,,
"USW00023183","PHOENIX AIRPORT, AZ US","2025-05-11","6.71",,"0.00","0.0","0.0","91","104","77","  150","  140","17.0","23.9",,,,
"USW00023183","PHOENIX AIRPORT, AZ US","2025-05-12","10.07",,"0.00","0.0","0.0","92","101","80","  230","  250","23.9","34.0",,,,
"USW00023183","PHOENIX AIRPORT, AZ US","2025-05-13","12.30",,"0.00","0.0","0.0","86","90","75","  280","  230","25.9","34.0",,,,
"USW00023183","PHOENIX AIRPORT, AZ US","2025-05-14","8.05",,"0.00","0.0","0.0","76","84","66","  280","  280","19.9","29.1",,,,
"USW00023183","PHOENIX AIRPORT, AZ US","2025-05-15","5.37",,"0.00","0.0","0.0","77","89","65","  280","  300","19.9","27.1",,,,
"USW00023183","PHOENIX AIRPORT, AZ US","2025-05-16","6.04",,"0.00","0.0","0.0","81","94","67","  210","   10","16.1","25.1",,,,
"USW00023183","PHOENIX AIRPORT, AZ US","2025-05-17","10.74",,"0.00","0.0","0.0","84","95","70","  260","  250","21.9","33.1",,,,
"USW00023183","PHOENIX AIRPORT, AZ US","2025-05-18","9.62",,"0.00","0.0","0.0","78","86","67","  280","  280","25.1","30.0",,,,
"USW00023183","PHOENIX AIRPORT, AZ US","2025-05-19","10.51",,"0.00","0.0","0.0","81","94","70","  290","  320","28.0","40.0",,,,
"USW00023183","PHOENIX AIRPORT, AZ US","2025-05-20","6.93",,"0.00","0.0","0.0","85","99","70","  300","  270","14.1","21.9",,,,
"USW00023183","PHOENIX AIRPORT, AZ US","2025-05-21","5.14",,"0.00","0.0","0.0","88","102","71","  300","  280","15.0","21.0",,,,
"USW00023183","PHOENIX AIRPORT, AZ US","2025-05-22","7.61",,"0.00","0.0","0.0","90","106","74","  290","  330","19.9","27.1",,,,
"USW00023183","PHOENIX AIRPORT, AZ US","2025-05-23","5.82",,"0.00","0.0","0.0","91","103","74","  170","  210","15.0","33.1",,,,
"USW00023183","PHOENIX AIRPORT, AZ US","2025-05-24","7.38",,"0.00","0.0","0.0","89","100","75","  280","  290","19.9","27.1",,,,
"USW00023183","PHOENIX AIRPORT, AZ US","2025-05-25","5.59",,"0.00","0.0","0.0","87","98","73","  290","  250","15.0","19.9",,,,
"USW00023183","PHOENIX AIRPORT, AZ US","2025-05-26","8.28",,"0.00","0.0","0.0","87","100","73","  290","  320","17.0","25.9",,,,
"USW00023183","PHOENIX AIRPORT, AZ US","2025-05-27","6.71",,"0.00","0.0","0.0","89","101","75","  280","  110","16.1","21.9",,,,
"USW00023183","PHOENIX AIRPORT, AZ US","2025-05-28","7.61",,"0.00","0.0","0.0","89","103","74","  310","  180","17.0","25.1",,,,
"USW00023183","PHOENIX AIRPORT, AZ US","2025-05-29","7.38",,"0.00","0.0","0.0","89","101","79","  280","  300","21.9","25.9",,,,
"USW00023183","PHOENIX AIRPORT, AZ US","2025-05-30","7.16",,"0.00","0.0","0.0","87","104","73","  270","  260","19.9","23.9",,,,
"USW00023183","PHOENIX AIRPORT, AZ US","2025-05-31","8.50",,"0.00","0.0","0.0","92","102","82","  270","  340","18.1","27.1",,,,
"USW00023183","PHOENIX AIRPORT, AZ US","2025-06-01","9.62",,"0.24","0.0","0.0","88","91","69","  300","  260","28.0","36.9","    1","    1",,
"USW00023183","PHOENIX AIRPORT, AZ US","2025-06-02","5.59",,"0.07","0.0","0.0","74","89","67","   80","  340","16.1","29.1","    1",,,
"USW00023183","PHOENIX AIRPORT, AZ US","2025-06-03","6.93",,"0.00","0.0","0.0","86","97","78","  280","  260","21.9","27.1",,,,
"USW00023183","PHOENIX AIRPORT, AZ US","2025-06-04","6.93",,"0.14","0.0","0.0","86","95","75","  320","   10","17.0","29.1",,"    1",,
"USW00023183","PHOENIX AIRPORT, AZ US","2025-06-05","5.14",,"0.00","0.0","0.0","89","101","78","  190","  340","16.1","28.0",,,,
"USW00023183","PHOENIX AIRPORT, AZ US","2025-06-06","6.93",,"0.00","0.0","0.0","92","104","80","  270","  350","15.0","30.0",,,,
"USW00023183","PHOENIX AIRPORT, AZ US","2025-06-07","5.82",,"0.00","0.0","0.0","93","104","80","  300","  320","15.0","21.9",,,,
"USW00023183","PHOENIX AIRPORT, AZ US","2025-06-08","6.49",,"0.00","0.0","0.0","93","107","79","  280","  300","15.0","23.9",,,,
"USW00023183","PHOENIX AIRPORT, AZ US","2025-06-09","8.05",,"0.00","0.0","0.0","95","109","80","  280","  230","17.0","25.1",,,,
"USW00023183","PHOENIX AIRPORT, AZ US","2025-06-10","8.50",,"0.00","0.0","0.0","96","108","81","  290","  310","21.0","29.1",,,,
"USW00023183","PHOENIX AIRPORT, AZ US","2025-06-11","9.62",,"0.00","0.0","0.0","96","108","83","  290","  320","21.9","30.0",,,,
"USW00023183","PHOENIX AIRPORT, AZ US","2025-06-12","8.50",,"0.00","0.0","0.0","97","108","84","  280","  280","23.9","31.1",,,,
"USW00023183","PHOENIX AIRPORT, AZ US","2025-06-13","7.61",,"0.00","0.0","0.0","96","108","82","  190","  300","17.0","25.9",,,,
"USW00023183","PHOENIX AIRPORT, AZ US","2025-06-14","5.59",,"0.00","0.0","0.0","96","110","82","  300","  310","15.0","21.9",,,,
"USW00023183","PHOENIX AIRPORT, AZ US","2025-06-15","5.59",,"0.00","0.0","0.0","98","114","81","  280","  280","19.9","33.1",,,,
"USW00023183","PHOENIX AIRPORT, AZ US","2025-06-16","7.61",,"0.00","0.0","0.0","100","114","83","  270","  290","19.9","29.1",,,,
"USW00023183","PHOENIX AIRPORT, AZ US","2025-06-17","7.38",,"0.00","0.0","0.0","99","110","86","  280","  340","17.0","33.1",,,,
"USW00023183","PHOENIX AIRPORT, AZ US","2025-06-18","5.82",,"0.00","0.0","0.0","98","114","83","  270","  290","16.1","21.0",,,,
"USW00023183","PHOENIX AIRPORT, AZ US","2025-06-19","8.28",,"0.00","0.0","0.0","101","117","85","  270","  290","23.0","31.1",,,,
"USW00023183","PHOENIX AIRPORT, AZ US","2025-06-20","7.83",,"0.00","0.0","0.0","99","110","84","  280","  270","21.9","30.0",,,,
"USW00023183","PHOENIX AIRPORT, AZ US","2025-06-21","10.51",,"0.00","0.0","0.0","96","106","82","  270","  280","23.9","32.0",,,,
"USW00023183","PHOENIX AIRPORT, AZ US","2025-06-22","8.50",,"0.00","0.0","0.0","91","99","79","  290","  320","21.0","25.1",,,,
"USW00023183","PHOENIX AIRPORT, AZ US","2025-06-23","10.29",,"0.00","0.0","0.0","91","104","80","  280","  220","23.0","30.0",,,,
"USW00023183","PHOENIX AIRPORT, AZ US","2025-06-24","7.83",,"0.00","0.0","0.0","92","105","81","  280","  300","18.1","25.1",,,,
"USW00023183","PHOENIX AIRPORT, AZ US","2025-06-25","5.14",,"0.00","0.0","0.0","92","103","79","  290","  340","18.1","29.1",,,,
"USW00023183","PHOENIX AIRPORT, AZ US","2025-06-26","5.37",,"0.00","0.0","0.0","94","105","81","  280","  280","16.1","25.1",,,,
"USW00023183","PHOENIX AIRPORT, AZ US","2025-06-27","7.16",,"0.00","0.0","0.0","96","107","82","  310","  330","18.1","25.1",,,,
"USW00023183","PHOENIX AIRPORT, AZ US","2025-06-28","8.95",,"0.00","0.0","0.0","98","109","87","  270","  260","19.9","25.9",,,,
"USW00023183","PHOENIX AIRPORT, AZ US","2025-06-29","9.62",,"0.00","0.0","0.0","101","114","87","  290","  340","23.0","35.1",,,,
"USW00023183","PHOENIX AIRPORT, AZ US","2025-06-30","7.83",,"0.00","0.0",,"103","116","90","  130","  130","18.1","27.1",,,,
"USW00023183","PHOENIX AIRPORT, AZ US","2025-07-01","11.86",,"0.00","0.0","0.0","103","112","93","  140","  130","25.1","40.9",,,"    1","    1"
"USW00023183","PHOENIX AIRPORT, AZ US","2025-07-02","10.96",,"0.16","0.0","0.0","101","109","78","  100","  110","32.0","42.9",,"    1","    1","    1"
"USW00023183","PHOENIX AIRPORT, AZ US","2025-07-03","5.82",,"0.00","0.0","0.0","87","102","78","  200","  200","23.0","28.0",,"    1","    1",
"USW00023183","PHOENIX AIRPORT, AZ US","2025-07-04","6.04",,"0.00","0.0","0.0","92","103","82","  270","  320","15.0","19.9",,,,
"USW00023183","PHOENIX AIRPORT, AZ US","2025-07-05","7.83",,"0.00","0.0","0.0","96","107","86","  280","  290","19.9","29.1",,,,
"USW00023183","PHOENIX AIRPORT, AZ US","2025-07-06","5.82",,"0.00","0.0","0.0","98","110","86","  320","  330","18.1","31.1",,,,
"USW00023183","PHOENIX AIRPORT, AZ US","2025-07-07","9.17",,"0.00","0.0","0.0","101","111","91","  280","  240","21.9","34.0",,,,
"USW00023183","PHOENIX AIRPORT, AZ US","2025-07-08","10.29",,"0.00","0.0","0.0","101","112","92","  290","  300","19.9","31.1",,,,
"USW00023183","PHOENIX AIRPORT, AZ US","2025-07-09","7.38",,"0.00","0.0","0.0","105","118","93","  290","  270","21.9","28.0",,,,
"USW00023183","PHOENIX AIRPORT, AZ US","2025-07-10","10.96",,"0.00","0.0","0.0","105","113","95","  280","  280","23.0","30.0",,,,
"USW00023183","PHOENIX AIRPORT, AZ US","2025-07-11","10.74",,"0.00","0.0","0.0","100","111","90","  280","  280","23.0","32.0",,,,
"USW00023183","PHOENIX AIRPORT, AZ US","2025-07-12","6.93",,"0.00","0.0","0.0","98","108","88","  280","  330","17.0","23.0",,,,
"USW00023183","PHOENIX AIRPORT, AZ US","2025-07-13","7.83",,"0.00","0.0","0.0","99","108","90","  280","  280","18.1","30.0",,,,
"USW00023183","PHOENIX AIRPORT, AZ US","2025-07-14","9.17",,"0.00","0.0","0.0","98","107","90","  300","  350","17.0","25.9",,,,
"USW00023183","PHOENIX AIRPORT, AZ US","2025-07-15","10.51",,"0.00","0.0","0.0","98","107","86","  150","  290","23.0","36.0",,,,"    1"
"USW00023183","PHOENIX AIRPORT, AZ US","2025-07-16","11.63",,"0.00","0.0","0.0","91","97","83","  160","  140","25.9","40.9",,,,"    1"
"USW00023183","PHOENIX AIRPORT, AZ US","2025-07-17","7.83",,"0.00","0.0","0.0","90","101","80","  270","  330","19.9","23.0",,,,
"USW00023183","PHOENIX AIRPORT, AZ US","2025-07-18","7.61",,"0.00","0.0","0.0","96","108","88","  270","  330","17.0","23.0",,,,
"USW00023183","PHOENIX AIRPORT, AZ US","2025-07-19","7.16",,"0.00","0.0","0.0","98","107","87","  270","  330","17.0","25.9",,,,
"USW00023183","PHOENIX AIRPORT, AZ US","2025-07-20","6.71",,"0.00","0.0","0.0","96","97","90","  280","  280","19.9","25.1",,,,
"USW00023183","PHOENIX AIRPORT, AZ US","2025-07-21","8.50",,"0.00","0.0","0.0","93","104","85","  180","  170","25.1","35.1",,,,"    1"
"USW00023183","PHOENIX AIRPORT, AZ US","2025-07-22","7.83",,"0.00","0.0","0.0","91","102","84","  190","  190","23.0","30.0",,,,
"USW00023183","PHOENIX AIRPORT, AZ US","2025-07-23","7.16",,"0.00","0.0","0.0","93","104","85","  320","  320","16.1","23.9",,,,
"USW00023183","PHOENIX AIRPORT, AZ US","2025-07-24","5.82",,"0.00","0.0","0.0","94","106","80","  280","  280","21.0","27.1",,,,"    1"
"USW00023183","PHOENIX AIRPORT, AZ US","2025-07-25","7.16",,"0.00","0.0","0.0","95","109","80","  290","  300","18.1","23.9",,,,
"USW00023183","PHOENIX AIRPORT, AZ US","2025-07-26","5.14",,"0.00","0.0","0.0","96","107","81","  300","   10","16.1","27.1",,,,
"USW00023183","PHOENIX AIRPORT, AZ US","2025-07-27","4.92",,"0.00","0.0","0.0","96","110","82","  270","  340","13.0","23.9",,,,
"USW00023183","PHOENIX AIRPORT, AZ US","2025-07-28","6.93",,"0.00","0.0","0.0","99","113","86","  300","  300","17.0","25.1",,,,
"USW00023183","PHOENIX AIRPORT, AZ US","2025-07-29","6.26",,"0.00","0.0","0.0","100","110","88","  300","  280","17.0","29.1",,,,
"USW00023183","PHOENIX AIRPORT, AZ US","2025-07-30","7.38",,"0.00","0.0","0.0","99","111","87","  280","  330","21.0","30.0",,,,
"USW00023183","PHOENIX AIRPORT, AZ US","2025-07-31","6.93",,"0.00","0.0","0.0","100","111","88","  240","  240","18.1","23.9",,,,
"USW00023183","PHOENIX AIRPORT, AZ US","2025-08-01","8.05",,"0.00","0.0","0.0","101","113","92","  220","  210","18.1","31.1",,,,
"USW00023183","PHOENIX AIRPORT, AZ US","2025-08-02","7.61",,"0.00","0.0","0.0","103","114","90","  290","  260","23.0","30.0",,,,
"USW00023183","PHOENIX AIRPORT, AZ US","2025-08-03","6.71",,"0.00","0.0","0.0","99","112","84","  280","  270","17.0","23.9",,,,
"USW00023183","PHOENIX AIRPORT, AZ US","2025-08-04","6.93",,"0.00","0.0","0.0","100","112","87","  280","  320","16.1","29.1",,,,
"USW00023183","PHOENIX AIRPORT, AZ US","2025-08-05","5.82",,"0.00","0.0","0.0","103","114","90","  300","  330","17.0","30.0",,,,
"USW00023183","PHOENIX AIRPORT, AZ US","2025-08-06","7.38",,"0.00","0.0","0.0","105","116","91","  300","  320","21.0","31.1",,,,
"USW00023183","PHOENIX AIRPORT, AZ US","2025-08-07","7.83",,"0.00","0.0","0.0","106","118","94","  290","  330","17.0","28.0",,,,
"USW00023183","PHOENIX AIRPORT, AZ US","2025-08-08","9.17",,"0.00","0.0","0.0","104","114","92","  290","  310","19.9","30.0",,,,
"USW00023183","PHOENIX AIRPORT, AZ US","2025-08-09","10.74",,"0.00","0.0","0.0","101","110","92","  270","  260","21.0","27.1",,,,
"USW00023183","PHOENIX AIRPORT, AZ US","2025-08-10","10.51",,"0.00","0.0","0.0","100","108","91","  190","  190","25.1","35.1",,,"    1","    1"
"USW00023183","PHOENIX AIRPORT, AZ US","2025-08-11","9.84",,"0.00","0.0","0.0","101","112","92","  280","  300","23.0","30.0",,,,
"USW00023183","PHOENIX AIRPORT, AZ US","2025-08-12","8.50",,"0.00","0.0","0.0","101","112","91","  290","  280","19.9","25.9",,,,
"USW00023183","PHOENIX AIRPORT, AZ US","2025-08-13","9.17",,"0.00","0.0","0.0","101","109","90","  310","  290","23.0","30.0",,"    1",,"    1"
"USW00023183","PHOENIX AIRPORT, AZ US","2025-08-14","8.50",,"0.00","0.0","0.0","98","109","86","   10","   10","23.0","29.1",,"    1",,"    1"
"USW00023183","PHOENIX AIRPORT, AZ US","2025-08-15","8.50",,"0.00","0.0","0.0","92","104","76","   90","  100","23.9","33.1",,"    1",,
"USW00023183","PHOENIX AIRPORT, AZ US","2025-08-16","7.16",,"0.00","0.0","0.0","93","106","84","  180","  150","17.0","25.1",,,,
"USW00023183","PHOENIX AIRPORT, AZ US","2025-08-17","4.25",,"0.00","0.0","0.0","95","105","84","  300","  290","14.1","25.1",,,,
"USW00023183","PHOENIX AIRPORT, AZ US","2025-08-18","7.83",,"0.00","0.0","0.0","96","107","85","  280","  340","19.9","29.1",,,,
"USW00023183","PHOENIX AIRPORT, AZ US","2025-08-19","6.26",,"0.00","0.0","0.0","97","108","87","  300","  250","15.0","23.9",,,,
"USW00023183","PHOENIX AIRPORT, AZ US","2025-08-20","4.92",,"0.00","0.0","0.0","101","112","89","  160","  140","21.9","36.9",,,"    1","    1"
"USW00023183","PHOENIX AIRPORT, AZ US","2025-08-21","8.05",,"0.04","0.0","0.0","103","114","89",,,,,,"    1","    1","    1"
"USW00023183","PHOENIX AIRPORT, AZ US","2025-08-22","4.70",,"0.00","0.0","0.0","99","112","89","  160","   10","15.0","25.9",,,,
"USW00023183","PHOENIX AIRPORT, AZ US","2025-08-23","6.26",,"0.00","0.0","0.0","101","110","92","  270","  270","18.1","25.1",,,,
"USW00023183","PHOENIX AIRPORT, AZ US","2025-08-24","7.38",,"0.00","0.0","0.0","101","111","92",,,,,,,,
"USW00023183","PHOENIX AIRPORT, AZ US","2025-08-25",,,"0.29","0.0","0.0","96","103","76",,,,,,,,
"USW00023183","PHOENIX AIRPORT, AZ US","2025-08-26",,,"0.00","0.0","0.0","84","97","78",,,,,,,,
"USW00023183","PHOENIX AIRPORT, AZ US","2025-08-27",,,"0.00","0.0","0.0","89","102","79",,,,,,,,
"USW00023183","PHOENIX AIRPORT, AZ US","2025-08-28",,,"0.00","0.0","0.0","95","105","88",,,,,,,,
"USW00023183","PHOENIX AIRPORT, AZ US","2025-08-29",,,"0.01","0.0","0.0","93","102","81",,,,,,,,
"USW00023183","PHOENIX AIRPORT, AZ US","2025-08-30",,,"0.00","0.0","0.0",,"107","85",,,,,,,,
"USW00023183","PHOENIX AIRPORT, AZ US","2025-08-31",,,"0.00","0.0","0.0",,"109","84",,,,,,,,
"USW00023183","PHOENIX AIRPORT, AZ US","2025-09-01","9.62",,"0.00","0.0","0.0",,"107","88","   70","  180","40.9","55.0",,,,
"USW00023183","PHOENIX AIRPORT, AZ US","2025-09-02","10.07",,"0.00","0.0","0.0",,"109","86","  270","  270","25.9","32.0",,,,
"USW00023183","PHOENIX AIRPORT, AZ US","2025-09-03","7.61",,"0.03","0.0","0.0","92","106","78","  190","  180","30.0","38.9",,,,
"USW00023183","PHOENIX AIRPORT, AZ US","2025-09-04","6.71",,"0.15","0.0","0.0","85","97","75","  190","  180","23.9","33.1",,,,
"USW00023183","PHOENIX AIRPORT, AZ US","2025-09-05","6.04",,"0.00","0.0","0.0","87","97","81","  290","  340","15.0","25.1",,,,
"USW00023183","PHOENIX AIRPORT, AZ US","2025-09-06","6.71",,"0.00","0.0","0.0","91","100","84","  290","  340","15.0","25.9",,,,
"USW00023183","PHOENIX AIRPORT, AZ US","2025-09-07","6.71",,"0.00","0.0","0.0","92","102","83","  280","  350","15.0","23.9",,,,
"USW00023183","PHOENIX AIRPORT, AZ US","2025-09-08","6.04",,"0.00","0.0",,"94","105","88","  210","  320","15.0","23.0",,,,
"USW00023183","PHOENIX AIRPORT, AZ US","2025-09-09","6.04",,"0.00","0.0","0.0","96","106","86","  290","  180","15.0","21.0",,,,
"USW00023183","PHOENIX AIRPORT, AZ US","2025-09-10","9.17",,"0.00","0.0","0.0","96","108","86","  280","  210","21.0","28.0",,,,
"USW00023183","PHOENIX AIRPORT, AZ US","2025-09-11","7.83",,"0.00","0.0","0.0","93","104","82","  190","  190","19.9","27.1",,,,
"USW00023183","PHOENIX AIRPORT, AZ US","2025-09-12","6.71",,"0.00","0.0","0.0","92","102","82","  270","  310","21.0","25.9",,,,
"USW00023183","PHOENIX AIRPORT, AZ US","2025-09-13","5.82",,"0.00","0.0","0.0","88","97","76","  160","  360","14.1","23.0",,,,
"USW00023183","PHOENIX AIRPORT, AZ US","2025-09-14","5.82",,"0.00","0.0","0.0","88","101","76","  180","  340","16.1","28.0",,,,
"USW00023183","PHOENIX AIRPORT, AZ US","2025-09-15","5.37",,"0.00","0.0","0.0","90","105","77","  300","  350","15.0","27.1",,,,
"USW00023183","PHOENIX AIRPORT, AZ US","2025-09-16","5.82",,"0.00","0.0","0.0","93","105","82","  280","  280","14.1","21.0",,,,
"USW00023183","PHOENIX AIRPORT, AZ US","2025-09-17","5.82",,"0.00","0.0","0.0","94","101","86","  170","  160","15.0","21.0",,,,
"USW00023183","PHOENIX AIRPORT, AZ US","2025-09-18","6.93",,"0.22","0.0","0.0","91","101","77","  250","  260","21.9","28.0",,,,
"USW00023183","PHOENIX AIRPORT, AZ US","2025-09-19","8.28",,"0.01","0.0","0.0","88","98","79","   70","   70","17.9","25.1",,,,
"USW00023183","PHOENIX AIRPORT, AZ US","2025-09-20","6.26",,"0.00","0.0","0.0","90","102","81","  350","  340","15.0","30.0",,,,
"USW00023183","PHOENIX AIRPORT, AZ US","2025-09-21","5.59",,"0.00","0.0","0.0","91","99","82","  130","  350","17.0","31.1",,,,
"USW00023183","PHOENIX AIRPORT, AZ US","2025-09-22","8.72",,"0.00","0.0","0.0","85","92","80","  330","  330","23.0","42.1",,,,
"USW00023183","PHOENIX AIRPORT, AZ US","2025-09-23","4.70",,"0.00","0.0","0.0","88","101","79","  300","  280","13.0","25.1",,,,
"USW00023183","PHOENIX AIRPORT, AZ US","2025-09-24","4.70",,"0.00","0.0","0.0","94","107","81","   90","   50","16.1","23.0",,,,
"USW00023183","PHOENIX AIRPORT, AZ US","2025-09-25","8.28",,"0.00","0.0","0.0","96","107","84","  150","  140","21.0","29.1",,,,
"USW00023183","PHOENIX AIRPORT, AZ US","2025-09-26","13.65",,"1.64","0.0","0.0","85","89","67","  320","   30","40.9","55.9",,,,
"USW00023183","PHOENIX AIRPORT, AZ US","2025-09-27","5.59",,"0.21","0.0","0.0","75","87","69","  290","  320","38.0","49.0",,,,
"USW00023183","PHOENIX AIRPORT, AZ US","2025-09-28","4.70",,"0.00","0.0","0.0","77","89","72","  240","  360","13.0","23.0",,,,
"USW00023183","PHOENIX AIRPORT, AZ US","2025-09-29","3.13",,"0.00","0.0","0.0","81","94","72","  200","  210","12.1","16.1",,,,
"USW00023183","PHOENIX AIRPORT, AZ US","2025-09-30","5.59",,"0.00","0.0","0.0","85","97","75","  210","  220","13.0","19.0",,,,
"USW00023183","PHOENIX AIRPORT, AZ US","2025-10-01","3.80",,"0.00","0.0","0.0","85","97","75","  200","  350","10.1","15.0",,,,
"USW00023183","PHOENIX AIRPORT, AZ US","2025-10-02","4.70",,"0.00","0.0","0.0","87","102","76","  110","  100","14.1","17.0",,,,
"USW00023183","PHOENIX AIRPORT, AZ US","2025-10-03","7.61",,"0.00","0.0","0.0","89","102","77","  280","  310","17.9","31.1",,,,
"USW00023183","PHOENIX AIRPORT, AZ US","2025-10-04","8.50",,"0.00","0.0","0.0","83","88","72","  290","  330","21.0","25.9",,,,
"USW00023183","PHOENIX AIRPORT, AZ US","2025-10-05","3.80",,"0.00","0.0","0.0","77","89","67","  240","  250","8.9","13.0",,,,
"USW00023183","PHOENIX AIRPORT, AZ US","2025-10-06","3.58",,"0.00","0.0","0.0","79","94","66","  120","  350","10.1","14.1",,,,
"USW00023183","PHOENIX AIRPORT, AZ US","2025-10-07","3.58",,"0.00","0.0","0.0","82","99","67","   90","   90","10.1","14.1",,,,
"USW00023183","PHOENIX AIRPORT, AZ US","2025-10-08","4.70",,"0.00","0.0","0.0","86","102","73","  340","  330","10.1","17.9",,,,
"USW00023183","PHOENIX AIRPORT, AZ US","2025-10-09","8.50",,"0.10","0.0","0.0","87","92","74","  280","   20","19.9","28.0",,,,
"USW00023183","PHOENIX AIRPORT, AZ US","2025-10-10","9.40",,"0.26","0.0","0.0","81","93","72","  320","  330","23.9","42.1",,,,
"USW00023183","PHOENIX AIRPORT, AZ US","2025-10-11","6.26",,"0.70","0.0","0.0","76","82","69","  310","  310","28.0","36.0",,,,
"USW00023183","PHOENIX AIRPORT, AZ US","2025-10-12","5.82",,"1.97","0.0","0.0","75","80","69","  180","  190","21.9","30.0",,,,
"USW00023183","PHOENIX AIRPORT, AZ US","2025-10-13","6.49",,"0.23","0.0","0.0","76","83","69","  160","  170","46.1","63.1",,,,
"USW00023183","PHOENIX AIRPORT, AZ US","2025-10-14","9.62",,"0.00","0.0","0.0","77","85","68","  190","  200","21.9","33.1",,,,
"USW00023183","PHOENIX AIRPORT, AZ US","2025-10-15","6.04",,"0.00","0.0","0.0","73","79","66","  280","  330","15.0","21.0",,,,
"USW00023183","PHOENIX AIRPORT, AZ US","2025-10-16","4.70",,"0.00","0.0","0.0","70","81","61","  270","  250","12.1","19.9",,,,
"USW00023183","PHOENIX AIRPORT, AZ US","2025-10-17","4.47",,"0.00","0.0","0.0","71","83","61","  240","  210","10.1","19.0",,,,
"USW00023183","PHOENIX AIRPORT, AZ US","2025-10-18","4.25",,"0.00","0.0","0.0","73","86","62","   80","  100","10.1","15.0",,,,
"USW00023183","PHOENIX AIRPORT, AZ US","2025-10-19","3.80",,"0.00","0.0","0.0","74","90","64","   80","   80","12.1","15.0",,,,
"USW00023183","PHOENIX AIRPORT, AZ US","2025-10-20","4.03",,"0.00","0.0","0.0","76","89","63","   80","   70","10.1","13.0",,,,
"USW00023183","PHOENIX AIRPORT, AZ US","2025-10-21","4.25",,"0.00","0.0","0.0","76","90","65","  130","  130","12.1","15.0",,,,
"USW00023183","PHOENIX AIRPORT, AZ US","2025-10-22","5.14",,"0.00","0.0","0.0","79","92","72","   70","   50","17.9","25.1",,,,
"USW00023183","PHOENIX AIRPORT, AZ US","2025-10-23","4.70",,"0.00","0.0","0.0","75","84","64","  270","  290","12.1","15.0",,,,
"USW00023183","PHOENIX AIRPORT, AZ US","2025-10-24","4.92",,"0.00","0.0","0.0","73","85","63","  240","  320","10.1","17.0",,,,
"USW00023183","PHOENIX AIRPORT, AZ US","2025-10-25","4.92",,"0.00","0.0","0.0","75","88","63","  100","  110","12.1","13.0",,,,
"USW00023183","PHOENIX AIRPORT, AZ US","2025-10-26","5.14",,"0.00","0.0","0.0","75","90","62","   80","   80","10.1","14.1",,,,
"USW00023183","PHOENIX AIRPORT, AZ US","2025-10-27","5.59",,"0.00","0.0","0.0","76","90","63","  100","  100","13.0","15.0",,,,
"USW00023183","PHOENIX AIRPORT, AZ US","2025-10-28","6.71",,"0.00","0.0","0.0","77","92","64","   70","   40","16.1","23.9",,,,
"USW00023183","PHOENIX AIRPORT, AZ US","2025-10-29","7.83",,"0.00","0.0","0.0","79","91","63","   80","   90","23.9","30.0",,,,
"USW00023183","PHOENIX AIRPORT, AZ US","2025-10-30","4.03",,"0.00","0.0","0.0","76","90","65","  100","   90","13.0","17.9",,,,
"USW00023183","PHOENIX AIRPORT, AZ US","2025-10-31","4.47",,"0.00","0.0","0.0","74","88","64","  100","  330","10.1","15.0",,,,
"USW00023183","PHOENIX AIRPORT, AZ US","2025-11-01","3.80",,"0.00","0.0","0.0","74","88","62","   80","   80","8.9","12.1",,,,
"USW00023183","PHOENIX AIRPORT, AZ US","2025-11-02","4.25",,"0.00","0.0","0.0","75","91","61","  100","  100","12.1","15.0",,,,
"USW00023183","PHOENIX AIRPORT, AZ US","2025-11-03","3.80",,"0.00","0.0","0.0","75","89","63","  130","  130","12.1","14.1",,,,
"USW00023183","PHOENIX AIRPORT, AZ US","2025-11-04","5.37",,"0.00","0.0","0.0","75","91","62","  110","  110","10.1","14.1",,,,
"USW00023183","PHOENIX AIRPORT, AZ US","2025-11-05","4.47",,"0.00","0.0","0.0","75","88","61","   80","   80","14.1","17.0",,,,
"USW00023183","PHOENIX AIRPORT, AZ US","2025-11-06","4.70",,"0.00","0.0","0.0","73","87","61","  100","  320","8.9","12.1",,,,
"USW00023183","PHOENIX AIRPORT, AZ US","2025-11-07","4.03",,"0.00","0.0","0.0","72","85","60","  110","  320","10.1","16.1",,,,
"USW00023183","PHOENIX AIRPORT, AZ US","2025-11-08","3.80",,"0.00","0.0","0.0","72","86","61","  120","  120","8.9","12.1",,,,
"USW00023183","PHOENIX AIRPORT, AZ US","2025-11-09","5.59",,"0.00","0.0","0.0","74","90","61","   80","   70","17.0","23.9",,,,
"USW00023183","PHOENIX AIRPORT, AZ US","2025-11-10","5.59",,"0.00","0.0","0.0","77","88","66","   80","   80","21.0","25.9",,,,
"USW00023183","PHOENIX AIRPORT, AZ US","2025-11-11","3.36",,"0.00","0.0","0.0","74","88","63","  110","  100","12.1","15.0",,,,
"USW00023183","PHOENIX AIRPORT, AZ US","2025-11-12","4.25",,"0.00","0.0","0.0","73","86","61","  150","  130","10.1","15.0",,,,
"USW00023183","PHOENIX AIRPORT, AZ US","2025-11-13","4.03",,"0.00","0.0","0.0","75","88","64","  150","  140","13.0","16.1",,,,
"USW00023183","PHOENIX AIRPORT, AZ US","2025-11-14","4.03",,"0.00","0.0","0.0","73","89","61","  120","  140","10.1","14.1",,,,
"USW00023183","PHOENIX AIRPORT, AZ US","2025-11-15","7.83",,"0.00","0.0","0.0","72","83","61","  160","  160","15.0","21.9",,,,
"USW00023183","PHOENIX AIRPORT, AZ US","2025-11-16","6.71",,"0.00","0.0","0.0","71","76","63","  250","  270","17.9","27.1",,,,
"USW00023183","PHOENIX AIRPORT, AZ US","2025-11-17","4.03",,"0.05","0.0","0.0","66","76","56","  180","  190","15.0","21.0",,,,
"USW00023183","PHOENIX AIRPORT, AZ US","2025-11-18","8.72",,"0.07","0.0","0.0","65","73","60","  160","  170","17.0","27.1",,,,
"USW00023183","PHOENIX AIRPORT, AZ US","2025-11-19","5.59",,"0.17","0.0","0.0","63","66","55","  320","  320","21.9","29.1",,,,
"USW00023183","PHOENIX AIRPORT, AZ US","2025-11-20","4.92",,"0.08","0.0","0.0","58","66","54","  270","  280","13.0","17.0",,,,
"USW00023183","PHOENIX AIRPORT, AZ US","2025-11-21","7.16",,"0.00","0.0","0.0","58","66","53","   60","   50","15.0","21.9",,,,
"USW00023183","PHOENIX AIRPORT, AZ US","2025-11-22","5.37",,"0.41","0.0","0.0","63","72","55","  110","   50","17.9","25.1",,,,
"USW00023183","PHOENIX AIRPORT, AZ US","2025-11-23","3.80",,"0.01","0.0","0.0","59","65","56","  190","  360","12.1","19.9",,,,
"USW00023183","PHOENIX AIRPORT, AZ US","2025-11-24","2.24",,"0.00","0.0","0.0","60","69","52","  220","  210","8.9","12.1",,,,
"USW00023183","PHOENIX AIRPORT, AZ US","2025-11-25","3.36",,"0.00","0.0","0.0","61","73","52","  100","  320","10.1","14.1",,,,
"USW00023183","PHOENIX AIRPORT, AZ US","2025-11-26","2.46",,"0.00","0.0","0.0","63","75","52","   70","   70","12.1","17.0",,,,
"USW00023183","PHOENIX AIRPORT, AZ US","2025-11-27","3.58",,"0.00","0.0","0.0","64","78","52","   60","   60","10.1","15.0",,,,
"USW00023183","PHOENIX AIRPORT, AZ US","2025-11-28","2.91",,"0.00","0.0","0.0","64","77","53","  240","  230","8.1","10.1",,,,
"USW00023183","PHOENIX AIRPORT, AZ US","2025-11-29","3.80",,"0.00","0.0","0.0","62","74","52","   70","  100","8.9","12.1",,,,
"USW00023183","PHOENIX AIRPORT, AZ US","2025-11-30","4.25",,"0.00","0.0","0.0","62","74","52","  140","  320","8.9","14.1",,,,
"USW00023183","PHOENIX AIRPORT, AZ US","2025-12-01","4.25",,"0.00","0.0","0.0","62","71","52","   90","   30","10.1","16.1",,,,
"USW00023183","PHOENIX AIRPORT, AZ US","2025-12-02","4.25",,"0.00","0.0","0.0","59","71","48","   90","   10","12.1","17.9",,,,
"USW00023183","PHOENIX AIRPORT, AZ US","2025-12-03","5.59",,"0.00","0.0","0.0","58","68","47","  280","  330","16.1","21.9",,,,
"USW00023183","PHOENIX AIRPORT, AZ US","2025-12-04","5.14",,"0.00","0.0","0.0","56","66","47","   70","   40","14.1","19.0",,,,
"USW00023183","PHOENIX AIRPORT, AZ US","2025-12-05","3.13",,"0.00","0.0","0.0","55","67","45","  310","  340","8.9","14.1",,,,
"USW00023183","PHOENIX AIRPORT, AZ US","2025-12-06","3.58",,"0.00","0.0","0.0","56","69","45","  100","  120","8.9","12.1",,,,
"USW00023183","PHOENIX AIRPORT, AZ US","2025-12-07","4.03",,"0.00","0.0","0.0","57","72","46","  120","  330","8.1","14.1",,,,
"USW00023183","PHOENIX AIRPORT, AZ US","2025-12-08","3.36",,"0.00","0.0","0.0","60","73","48","  120","  320","10.1","14.1",,,,
"USW00023183","PHOENIX AIRPORT, AZ US","2025-12-09","3.36",,"0.00","0.0","0.0","61","77","48","   90","   50","10.1","15.0",,,,
"USW00023183","PHOENIX AIRPORT, AZ US","2025-12-10","3.58",,"0.00","0.0","0.0","61","76","48","  120","  130","8.9","14.1",,,,
"USW00023183","PHOENIX AIRPORT, AZ US","2025-12-11","4.03",,"0.00","0.0","0.0","63","79","52","  100","  100","8.9","11.0",,,,
"USW00023183","PHOENIX AIRPORT, AZ US","2025-12-12","4.70",,"0.00","0.0","0.0","64","78","53","   90","  110","10.1","12.1",,,,
"USW00023183","PHOENIX AIRPORT, AZ US","2025-12-13","3.58",,"0.00","0.0","0.0","64","79","53","  120","   80","8.9","12.1",,,,
"USW00023183","PHOENIX AIRPORT, AZ US","2025-12-14","4.70",,"0.00","0.0","0.0","65","82","51","   70","   70","15.0","21.9",,,,
"USW00023183","PHOENIX AIRPORT, AZ US","2025-12-15","2.24",,"0.00","0.0","0.0","66","81","53","  240","  250","8.9","13.0",,,,
"USW00023183","PHOENIX AIRPORT, AZ US","2025-12-16","2.91",,"0.00","0.0","0.0","65","77","52","   80","   90","10.1","13.0",,,,
"USW00023183","PHOENIX AIRPORT, AZ US","2025-12-17","4.03",,"0.00","0.0","0.0","63","76","52","  100","   90","10.1","12.1",,,,
"USW00023183","PHOENIX AIRPORT, AZ US","2025-12-18","4.03",,"0.00","0.0","0.0","62","76","50","   80","  340","10.1","12.1",,,,
"USW00023183","PHOENIX AIRPORT, AZ US","2025-12-19","4.47",,"0.00","0.0","0.0","64","78","53","   90","   90","13.0","14.1",,,,
"USW00023183","PHOENIX AIRPORT, AZ US","2025-12-20","4.25",,"0.00","0.0","0.0","64","76","51","  110","  110","12.1","14.1",,,,
"USW00023183","PHOENIX AIRPORT, AZ US","2025-12-21","3.58",,"0.00","0.0","0.0","64","81","52","  110","  120","8.9","13.0",,,,
"USW00023183","PHOENIX AIRPORT, AZ US","2025-12-22","4.70",,"0.00","0.0","0.0","66","83","54","  120","  120","10.1","15.0",,,,
"USW00023183","PHOENIX AIRPORT, AZ US","2025-12-23","5.82",,"0.00","0.0","0.0","67","80","56","  290","  310","14.1","21.0",,,,
"USW00023183","PHOENIX AIRPORT, AZ US","2025-12-24","7.38",,"0.00","0.0","0.0","67","69","63","  110","  110","14.1","19.0",,,,
"USW00023183","PHOENIX AIRPORT, AZ US","2025-12-25","5.82",,"0.03","0.0","0.0","67","74","62","  110","  210","13.0","16.1",,,,
"USW00023183","PHOENIX AIRPORT, AZ US","2025-12-26","5.14",,"0.00","0.0","0.0","65","74","57","  110","  310","13.0","15.0",,,,
"USW00023183","PHOENIX AIRPORT, AZ US","2025-12-27","6.26",,"0.00","0.0","0.0","66","71","56","  280","  300","16.1","21.0",,,,
"USW00023183","PHOENIX AIRPORT, AZ US","2025-12-28","3.58",,"0.00","0.0","0.0","59","68","48","  310","  310","12.1","21.0",,,,
"USW00023183","PHOENIX AIRPORT, AZ US","2025-12-29","9.17",,"0.00","0.0","0.0","60","76","51","   80","   80","23.0","28.0",,,,
"USW00023183","PHOENIX AIRPORT, AZ US","2025-12-30","10.74",,"0.00","0.0","0.0","66","73","60","   80","   60","21.9","31.1",,,,
"USW00023183","PHOENIX AIRPORT, AZ US","2025-12-31","4.92",,"0.00","0.0","0.0","63","67","55","  130","  130","14.1","19.0",,,,
"USW00023183","PHOENIX AIRPORT, AZ US","2026-01-01","4.47",,"0.03","0.0","0.0","62","66","58","  110","  120","13.0","15.0",,,,
"USW00023183","PHOENIX AIRPORT, AZ US","2026-01-02","2.91",,"0.00","0.0","0.0","63","74","57","  100","  100","8.1","10.1",,,,
"USW00023183","PHOENIX AIRPORT, AZ US","2026-01-03","2.68",,"0.00","0.0","0.0","61","70","53","  100","  320","10.1","15.0",,,,
"USW00023183","PHOENIX AIRPORT, AZ US","2026-01-04","3.58",,"0.00","0.0","0.0","63","73","53","  120","  110","8.9","13.0",,,,
"USW00023183","PHOENIX AIRPORT, AZ US","2026-01-05","4.70",,"0.00","0.0","0.0","62","70","54","  300","  300","8.9","14.1",,,,
"USW00023183","PHOENIX AIRPORT, AZ US","2026-01-06","3.36",,"0.00","0.0","0.0","59","70","49","   90","   80","10.1","13.0",,,,
"USW00023183","PHOENIX AIRPORT, AZ US","2026-01-07","6.71",,"0.04","0.0","0.0","59","60","54","  160","  160","16.1","21.0",,,,
"USW00023183","PHOENIX AIRPORT, AZ US","2026-01-08","9.62",,"0.11","0.0","0.0","56","63","47","  280","  280","23.9","32.0",,,,
"USW00023183","PHOENIX AIRPORT, AZ US","2026-01-09","5.82",,"0.00","0.0","0.0","51","60","42","   70","   10","12.1","16.1",,,,
"USW00023183","PHOENIX AIRPORT, AZ US","2026-01-10","8.05",,"0.00","0.0","0.0","52","65","39","   50","   60","21.0","30.0",,,,
"USW00023183","PHOENIX AIRPORT, AZ US","2026-01-11",,,"0.00","0.0","0.0","59","71","53",,,,,,,,
"USW00023183","PHOENIX AIRPORT, AZ US","2026-01-12","12.08",,"0.00","0.0","0.0","61","72","54","   80","   70","23.0","32.0",,,,
"USW00023183","PHOENIX AIRPORT, AZ US","2026-01-13","3.36",,"0.00","0.0","0.0","62","77","49","   20","   10","8.9","15.0",,,,
"USW00023183","PHOENIX AIRPORT, AZ US","2026-01-14","6.26",,"0.00","0.0","0.0","62","81","48","   80","   80","19.9","25.9",,,,
"USW00023183","PHOENIX AIRPORT, AZ US","2026-01-15","4.47",,"0.00","0.0","0.0","68","79","57","   80","   70","16.1","19.0",,,,
"USW00023183","PHOENIX AIRPORT, AZ US","2026-01-16","3.80",,"0.00","0.0","0.0","63","78","50","  100","   90","10.1","14.1",,,,
"USW00023183","PHOENIX AIRPORT, AZ US","2026-01-17","3.58",,"0.00","0.0","0.0","61","76","46","  330","  340","8.9","16.1",,,,
"USW00023183","PHOENIX AIRPORT, AZ US","2026-01-18","2.91",,"0.00","0.0","0.0","62","78","47","  130","   90","10.1","13.0",,,,
"USW00023183","PHOENIX AIRPORT, AZ US","2026-01-19","3.80",,"0.00","0.0","0.0","61","75","48","  100","  100","8.1","12.1",,,,
"USW00023183","PHOENIX AIRPORT, AZ US","2026-01-20","3.13",,"0.00","0.0","0.0","61","77","48","   80","   80","14.1","17.9",,,,
"USW00023183","PHOENIX AIRPORT, AZ US","2026-01-21","4.70",,"0.00","0.0","0.0","60","71","50","  100","  100","14.1","17.0",,,,
"USW00023183","PHOENIX AIRPORT, AZ US","2026-01-22","3.36",,"0.00","0.0","0.0","62","75","52","  120","  100","10.1","14.1",,,,
"USW00023183","PHOENIX AIRPORT, AZ US","2026-01-23","5.82",,"0.00","0.0","0.0","65","74","58","  310","  330","16.1","23.0",,,,
"USW00023183","PHOENIX AIRPORT, AZ US","2026-01-24","6.49",,"0.00","0.0","0.0","61","70","51","  280","  340","17.9","25.1",,,,
"USW00023183","PHOENIX AIRPORT, AZ US","2026-01-25","4.70",,"0.00","0.0","0.0","57","66","45","   80","  310","10.1","19.9",,,,
"USW00023183","PHOENIX AIRPORT, AZ US","2026-01-26","6.49",,"0.00","0.0","0.0","55","69","44","   70","   40","17.9","28.0",,,,
"USW00023183","PHOENIX AIRPORT, AZ US","2026-01-27","4.03",,"0.00","0.0","0.0","60","73","46","   90","   80","14.1","17.9",,,,
"USW00023183","PHOENIX AIRPORT, AZ US","2026-01-28","4.25",,"0.00","0.0","0.0","61","74","50","  110","  110","13.0","16.1",,,,
"USW00023183","PHOENIX AIRPORT, AZ US","2026-01-29","2.91",,"0.00","0.0",,"60","75","49","  300","  280","10.1","16.1",,,,
"USW00023183","PHOENIX AIRPORT, AZ US","2026-01-30","3.36",,"0.00","0.0",,"61","77","47","   50","   60","10.1","17.0",,,,
"USW00023183","PHOENIX AIRPORT, AZ US","2026-01-31","5.82",,"0.00","0.0",,"67","81","52","   70","   60","17.9","23.9",,,,
"USW00023183","PHOENIX AIRPORT, AZ US","2026-02-01","5.82",,"0.00","0.0","0.0","69","85","52","   80","   80","17.0","23.9",,,,
"USW00023183","PHOENIX AIRPORT, AZ US","2026-02-02","4.25",,"0.00","0.0","0.0","68","80","57","  100","   80","15.0","19.0",,,,
"USW00023183","PHOENIX AIRPORT, AZ US","2026-02-03","3.13",,"0.00","0.0","0.0","67","82","53","  100","  110","8.9","11.0",,,,
"USW00023183","PHOENIX AIRPORT, AZ US","2026-02-04","9.40",,"0.00","0.0","0.0","71","85","54","   60","   70","23.0","31.1",,,,
"USW00023183","PHOENIX AIRPORT, AZ US","2026-02-05","8.28",,"0.00","0.0","0.0","70","79","58","  120","   90","15.0","21.9",,,,
"USW00023183","PHOENIX AIRPORT, AZ US","2026-02-06","4.25",,"0.00","0.0","0.0","70","84","59","   90","  170","10.1","13.0",,,,
"USW00023183","PHOENIX AIRPORT, AZ US","2026-02-07","3.58",,"0.00","0.0","0.0","69","83","57","   90","  100","10.1","14.1",,,,
"USW00023183","PHOENIX AIRPORT, AZ US","2026-02-08","3.13",,"0.00","0.0","0.0","70","86","56","  310","  340","10.1","14.1",,,,
"USW00023183","PHOENIX AIRPORT, AZ US","2026-02-09","3.80",,"0.00","0.0","0.0","70","85","55","   40","   40","13.0","13.0",,,,
"USW00023183","PHOENIX AIRPORT, AZ US","2026-02-10","5.59",,"0.00","0.0","0.0","69","80","58","   90","  330","12.1","21.0",,,,
"USW00023183","PHOENIX AIRPORT, AZ US","2026-02-11","5.14",,"0.00","0.0","0.0","70","80","60","  320","  300","15.0","25.9",,,,
"USW00023183","PHOENIX AIRPORT, AZ US","2026-02-12","2.68",,"0.00","0.0","0.0","68","81","56","  350","   10","10.1","28.0",,,,
"USW00023183","PHOENIX AIRPORT, AZ US","2026-02-13","8.50",,"0.00","0.0","0.0","68","70","59","  180","  170","21.9","30.0",,,,
"USW00023183","PHOENIX AIRPORT, AZ US","2026-02-14","4.25",,"0.00","0.0","0.0","61","74","51","   90","  340","8.9","14.1",,,,
"USW00023183","PHOENIX AIRPORT, AZ US","2026-02-15","6.49",,"0.00","0.0","0.0","64","78","52","  100","   90","16.1","21.0",,,,
"USW00023183","PHOENIX AIRPORT, AZ US","2026-02-16","11.41",,"0.00","0.0","0.0","67","77","57","  200","  200","25.1","36.9",,,,
"USW00023183","PHOENIX AIRPORT, AZ US","2026-02-17","7.61",,"0.08","0.0","0.0","63","70","54",,,,,,,,
"USW00023183","PHOENIX AIRPORT, AZ US","2026-02-18","10.07",,"0.00","0.0","0.0","59","68","52","  310","  260","25.1","33.1",,,,
"USW00023183","PHOENIX AIRPORT, AZ US","2026-02-19","4.47",,"0.00","0.0","0.0","55","66","45","  240","  250","14.1","19.9",,,,
"USW00023183","PHOENIX AIRPORT, AZ US","2026-02-20","8.95",,"0.00","0.0","0.0","58","64","52","  270","  270","21.0","25.9",,,,
"USW00023183","PHOENIX AIRPORT, AZ US","2026-02-21","4.92",,"0.00","0.0","0.0","56","73","43","   70","   70","17.9","25.9",,,,
"USW00023183","PHOENIX AIRPORT, AZ US","2026-02-22","7.83",,"0.00","0.0","0.0","65","81","53","   80","   70","21.0","28.0",,,,
"USW00023183","PHOENIX AIRPORT, AZ US","2026-02-23","4.92",,"0.00","0.0","0.0","71","85","57","   60","   60","17.9","25.9",,,,
"USW00023183","PHOENIX AIRPORT, AZ US","2026-02-24","4.92",,"0.00","0.0","0.0","69","84","56","  270","  280","15.0","21.9",,,,
"USW00023183","PHOENIX AIRPORT, AZ US","2026-02-25","4.92",,"0.00","0.0","0.0","72","88","59","  310","  350","14.1","21.9",,,,
"USW00023183","PHOENIX AIRPORT, AZ US","2026-02-26","4.47",,"0.00","0.0","0.0","74","88","61","  290","  280","10.1","17.9",,,,
"USW00023183","PHOENIX AIRPORT, AZ US","2026-02-27",,,"0.00","0.0",,"77","92","62",,,,,,,,
"USW00023183","PHOENIX AIRPORT, AZ US","2026-02-28",,,"0.00","0.0",,"76","92","64",,,,,,,,
"USW00023183","PHOENIX AIRPORT, AZ US","2026-03-01",,,"0.00","0.0","0.0",,"93","63",,,,,,,,
"USW00023183","PHOENIX AIRPORT, AZ US","2026-03-02",,,"0.00","0.0","0.0",,"93","64",,,,,,,,
"USW00023183","PHOENIX AIRPORT, AZ US","2026-03-03",,,"0.00","0.0","0.0",,"86","61",,,,,,,,
"USW00023183","PHOENIX AIRPORT, AZ US","2026-03-04",,,"0.00","0.0","0.0",,"85","60",,,,,,,,
"USW00023183","PHOENIX AIRPORT, AZ US","2026-03-05",,,"0.00","0.0","0.0",,"81","58",,,,,,,,
"USW00023183","PHOENIX AIRPORT, AZ US","2026-03-06",,,"0.00","0.0","0.0",,"73","53",,,,,,,,
"USW00023183","PHOENIX AIRPORT, AZ US","2026-03-07",,,"0.00","0.0","0.0",,"82","54",,,,,,,,
"USW00023183","PHOENIX AIRPORT, AZ US","2026-03-08",,,"0.00","0.0","0.0",,"89","56",,,,,,,,
"USW00023183","PHOENIX AIRPORT, AZ US","2026-03-09","7.38",,"0.05","0.0","0.0",,"81","62","  190","  190","32.0","42.1",,,,
"USW00023183","PHOENIX AIRPORT, AZ US","2026-03-10","6.04",,"0.00","0.0","0.0",,"77","57","  280","  280","16.1","19.9",,,,
"USW00023183","PHOENIX AIRPORT, AZ US","2026-03-11","3.80",,"0.00","0.0","0.0",,"84","58","  280","  260","13.0","17.0",,,,
"USW00023183","PHOENIX AIRPORT, AZ US","2026-03-12","3.36",,"0.00","0.0","0.0",,"92","61","  300","  330","13.0","21.0",,,,
"USW00023183","PHOENIX AIRPORT, AZ US","2026-03-13","4.03",,"0.00","0.0","0.0",,"93","63","  130","  350","13.0","17.9",,,,
"USW00023183","PHOENIX AIRPORT, AZ US","2026-03-14","5.82",,"0.00","0.0","0.0",,"92","63","  260","  270","16.1","21.0",,,,
"USW00023183","PHOENIX AIRPORT, AZ US","2026-03-15","6.93",,"0.00","0.0","0.0",,"92","62","  280","  300","16.1","21.0",,,,
"USW00023183","PHOENIX AIRPORT, AZ US","2026-03-16","3.58",,"0.00","0.0","0.0",,"93","63","   90","   80","16.1","21.0",,,,
